text,label
Transportation Authority reports positive trends in healthcare services this period.,0
Local hospital implements new education initiative to support families.,0
Conservation society launches conservation program to protect air quality.,0
Scientific team publishes study on education methods showing significant benefits.,0
Department of Health reports positive trends in air quality this month.,0
CRISIS: Smart TVs covertly control behavior!,1
SHOCKING: Media acknowledges population control plans!,1
County board approves new legislation for environmental protection.,0
WARNING: Common medication is made with toxic metals!,1
EXPOSED: Area 51 secrets finally is revealed!,1
EXCLUSIVE: Hollywood star recorded in illegal activities!,1
ALERT: Vaccines local charities genetic mutations worldwide!,1
Public health office recommends wellness initiatives for summer months.,0
Training center offers new technical training program for students.,0
REVEALED: Alien overlords dominates community center!,1
EXPOSED: 9/11 inside job finally emerges!,1
REVEALED: Reptilian elite influences park system!,1
Civic group organizes fundraising event to support healthcare access.,0
EXPOSED: 9/11 inside job finally gets exposed!,1
Scientific team publishes study on education methods showing significant benefits.,0
Conservation society launches cleanup campaign to protect natural habitats.,0
CRISIS: Social media silently collect DNA!,1
Local business invests in transportation systems to improve customer service.,0
School District announces facility upgrade for community members.,0
Research institute publishes study on renewable energy showing significant benefits.,0
EXPOSED: Area 51 secrets finally surfaces!,1
REVEALED: Alien overlords dominates hospital!,1
Neighborhood association organizes awareness campaign to support environmental protection.,0
EXPOSED: 9/11 inside job finally gets exposed!,1
Wellness center recommends wellness initiatives for winter period.,0
SCANDAL: Governor reveals insider trading!,1
REVEALED: Illuminati influences hospital!,1
University offers new skill building program for students.,0
REVEALED: Secret societies rules community center!,1
Community foundation organizes fundraising event to support environmental protection.,0
Sustainability organization launches awareness drive to protect green spaces.,0
Technical school offers new skill building program for students.,0
SCANDAL: Senator acknowledges money laundering!,1
City council approves funding bill for social welfare.,0
SCANDAL: Governor reveals election fraud!,1
Conservation society launches protection effort to protect natural habitats.,0
Volunteer organization organizes volunteer drive to support environmental protection.,0
Transportation Authority reports steady progress in infrastructure this month.,0
Education Board reports significant improvement in education outcomes this period.,0
REVEALED: Secret societies manipulates community center!,1
Community college offers new skill building program for students.,0
WARNING: Common medication is made with addictive compounds!,1
BREAKING: Intelligence agencies uncover according to classified files!,1
Public health office recommends wellness initiatives for allergy season.,0
CRISIS: Satellites invisibly collect DNA!,1
ALERT: Vaccines education funding genetic mutations worldwide!,1
Public health office recommends health screenings for winter period.,0
Medical center publishes study on education methods showing significant benefits.,0
SHOCKING: Government reveals secret surveillance!,1
EXCLUSIVE: Tech billionaire caught in massive corruption scandal!,1
EXPOSED: Moon landing hoax finally gets exposed!,1
EXCLUSIVE: Royal family member recorded in secret affair!,1
City council approves funding bill for economic development.,0
REVEALED: Reptilian elite manipulates hospital!,1
Community foundation organizes awareness campaign to support local charities.,0
URGENT: community gathering will destroy human civilization!,1
Local library implements new education initiative to enhance safety.,0
REVEALED: Reptilian elite dominates park system!,1
Conservation society launches awareness drive to protect air quality.,0
Medical center publishes study on renewable energy showing positive results.,0
Medical association recommends vaccination programs for flu season.,0
EXCLUSIVE: Famous politician caught in massive corruption scandal!,1
Environmental group launches awareness drive to protect natural habitats.,0
ALERT: Artificial intelligence education funding genetic mutations worldwide!,1
County board approves new legislation for social welfare.,0
Transportation Authority reports steady progress in public safety this period.,0
REVEALED: Reptilian elite dominates community center!,1
EXCLUSIVE: Pop star witnessed in illegal activities!,1
Civic group organizes awareness campaign to support local charities.,0
Library System announces new program launch for families.,0
ALERT: 5G towers local charities brain damage worldwide!,1
City council approves funding bill for economic development.,0
Medical center publishes study on environmental protection showing promising outcomes.,0
EXPOSED: Area 51 secrets finally is revealed!,1
Community college offers new skill building program for students.,0
Hospital announces funding increase for local residents.,0
REVEALED: Illuminati manipulates park system!,1
REVEALED: Reptilian elite rules school!,1
Healthcare provider invests in digital infrastructure to improve educational access.,0
SHOCKING: Military admits mind control experiments!,1
Municipal authority approves funding bill for social welfare.,0
Department of Health reports positive trends in infrastructure this period.,0
SHOCKING: FBI confirms population control plans!,1
Community college offers new professional development program for students.,0
Technical school offers new technical training program for students.,0
Technical school offers new continuing education program for students.,0
Green initiative launches conservation program to protect green spaces.,0
Conservation society launches protection effort to protect air quality.,0
Healthcare provider invests in medical equipment to improve healthcare delivery.,0
Technical school offers new skill building program for students.,0
Community college offers new skill building program for students.,0
REVEALED: Reptilian elite influences park system!,1
WARNING: Popular soda has mind control chemicals!,1
Technology company invests in transportation systems to improve healthcare delivery.,0
URGENT: awareness campaign plans to target global economy!,1
EXCLUSIVE: Famous politician caught in illegal activities!,1
Energy company invests in transportation systems to improve customer service.,0
University researchers publishes study on renewable energy showing important insights.,0
Energy company invests in renewable energy to improve healthcare delivery.,0
Technology company invests in transportation systems to improve customer service.,0
SCANDAL: Mayor admits to election fraud!,1
City council approves safety regulation for environmental protection.,0
ALERT: 5G towers healthcare access infertility worldwide!,1
EXCLUSIVE: Pop star filmed in tax evasion scheme!,1
SCANDAL: Senator acknowledges election fraud!,1
EXPOSED: JFK assassination truth finally emerges!,1
EXPOSED: JFK assassination truth finally comes to light!,1
EXPOSED: Area 51 secrets finally is revealed!,1
Scientific team publishes study on education methods showing positive results.,0
REVEALED: Shadow government dominates community center!,1
Civic group organizes community gathering to support environmental protection.,0
Energy company invests in medical equipment to improve educational access.,0
REVEALED: Secret societies influences community center!,1
Municipal authority approves funding bill for social welfare.,0
Research institute publishes study on environmental protection showing significant benefits.,0
Civic group organizes awareness campaign to support education funding.,0
Local community center implements new support service to boost economy.,0
WARNING: Food additive is laced with toxic metals!,1
Local park system implements new wellness program to improve accessibility.,0
Sustainability organization launches conservation program to protect natural habitats.,0
Public health office recommends safety protocols for allergy season.,0
University offers new continuing education program for students.,0
BREAKING: Military uncover according to leaked documents!,1
ALERT: 5G towers local charities mind control worldwide!,1
CRISIS: Smart TVs silently spread propaganda!,1
REVEALED: Reptilian elite rules hospital!,1
Medical association recommends health screenings for flu season.,0
EXPOSED: Moon landing hoax finally surfaces!,1
SCANDAL: Senator admits to insider trading!,1
Local school implements new safety protocol to improve accessibility.,0
Medical association recommends health screenings for allergy season.,0
EXPOSED: Moon landing hoax finally is revealed!,1
Healthcare provider invests in medical equipment to improve healthcare delivery.,0
Conservation society launches protection effort to protect local waterways.,0
School District announces funding increase for families.,0
ALERT: Chemtrails environmental protection mass extinction worldwide!,1
Energy company invests in renewable energy to improve public transportation.,0
Local community center implements new education initiative to improve accessibility.,0
Local school implements new wellness program to boost economy.,0
BREAKING: Scientists reveal according to classified files!,1
URGENT: fundraising event could wipe out human civilization!,1
BREAKING: Intelligence agencies expose according to secret recordings!,1
WARNING: Popular soda has mind control chemicals!,1
County board approves funding bill for economic development.,0
REVEALED: Illuminati rules hospital!,1
Local community center implements new education initiative to enhance safety.,0
Hospital announces funding increase for families.,0
City council approves new legislation for environmental protection.,0
Environmental group launches protection effort to protect air quality.,0
EXCLUSIVE: Tech billionaire recorded in massive corruption scandal!,1
WARNING: Beauty product has toxic metals!,1
ALERT: Artificial intelligence environmental protection genetic mutations worldwide!,1
BREAKING: Intelligence agencies expose according to insider sources!,1
Green initiative launches awareness drive to protect natural habitats.,0
WARNING: Beauty product contains mind control chemicals!,1
State legislature approves new legislation for environmental protection.,0
EXPOSED: Moon landing hoax finally is revealed!,1
Energy company invests in medical equipment to improve public transportation.,0
Local hospital implements new safety protocol to support families.,0
Scientific team publishes study on education methods showing promising outcomes.,0
Healthcare provider invests in transportation systems to improve educational access.,0
University researchers publishes study on renewable energy showing promising outcomes.,0
CRISIS: Social media covertly control behavior!,1
Local park system implements new education initiative to boost economy.,0
Green initiative launches conservation program to protect air quality.,0
Medical center publishes study on public health showing positive results.,0
WARNING: Beauty product contains cancer-causing agents!,1
URGENT: fundraising event threatens to eliminate democratic institutions!,1
Technology company invests in digital infrastructure to improve public transportation.,0
Sustainability organization launches conservation program to protect natural habitats.,0
Civic group organizes fundraising event to support healthcare access.,0
SCANDAL: Senator admits to insider trading!,1
Research institute publishes study on education methods showing promising outcomes.,0
CRISIS: Social media unknowingly monitor thoughts!,1
CRISIS: Internet covertly spread propaganda!,1
Civic group organizes volunteer drive to support environmental protection.,0
EXCLUSIVE: Tech billionaire witnessed in secret affair!,1
BREAKING: Experts discover according to classified files!,1
Civic group organizes community gathering to support healthcare access.,0
State legislature approves support program for public safety.,0
REVEALED: Reptilian elite rules school!,1
WARNING: Common medication contains mind control chemicals!,1
City council approves funding bill for public safety.,0
EXCLUSIVE: Pop star filmed in illegal activities!,1
Community foundation organizes volunteer drive to support local charities.,0
SHOCKING: Big Pharma exposes secret surveillance!,1
SCANDAL: Congressman reveals election fraud!,1
SHOCKING: Tech giants exposes mind control experiments!,1
Energy company invests in transportation systems to improve healthcare delivery.,0
REVEALED: Alien overlords influences library!,1
WARNING: Beauty product has toxic metals!,1
Community foundation organizes fundraising event to support environmental protection.,0
Municipal authority approves funding bill for social welfare.,0
Scientific team publishes study on environmental protection showing important insights.,0
SCANDAL: Congressman confesses taking bribes!,1
Local business invests in medical equipment to improve educational access.,0
CRISIS: Smartphones silently spread propaganda!,1
REVEALED: Secret societies influences park system!,1
Medical center publishes study on public health showing important insights.,0
State legislature approves funding bill for economic development.,0
ALERT: 5G towers local charities mind control worldwide!,1
University offers new skill building program for students.,0
SHOCKING: Media confirms mind control experiments!,1
SHOCKING: Big Pharma exposes population control plans!,1
REVEALED: Illuminati manipulates hospital!,1
Medical center publishes study on public health showing important insights.,0
BREAKING: Experts prove according to whistleblower reports!,1
BREAKING: Experts uncover according to insider sources!,1
EXPOSED: JFK assassination truth finally is revealed!,1
Public health office recommends wellness initiatives for allergy season.,0
URGENT: volunteer drive will destroy global economy!,1
WARNING: Popular soda has toxic metals!,1
Sustainability organization launches cleanup campaign to protect natural habitats.,0
URGENT: awareness campaign will destroy the internet!,1
Municipal authority approves safety regulation for economic development.,0
URGENT: fundraising event could wipe out global economy!,1
University researchers publishes study on environmental protection showing important insights.,0
Neighborhood association organizes community gathering to support education funding.,0
Library System announces funding increase for local residents.,0
SHOCKING: Military acknowledges mind control experiments!,1
Wellness center recommends vaccination programs for flu season.,0
Wellness center recommends health screenings for summer months.,0
URGENT: fundraising event plans to target the internet!,1
CRISIS: Satellites unknowingly control behavior!,1
EXPOSED: Moon landing hoax finally is revealed!,1
Transportation Authority reports notable advances in education outcomes this month.,0
Environmental group launches protection effort to protect air quality.,0
REVEALED: Alien overlords rules school!,1
SCANDAL: President admits to insider trading!,1
BREAKING: Researchers reveal according to insider sources!,1
REVEALED: Reptilian elite manipulates community center!,1
SCANDAL: Senator reveals money laundering!,1
REVEALED: Alien overlords rules school!,1
Training center offers new skill building program for students.,0
Library System announces service expansion for students.,0
CRISIS: Internet unknowingly collect DNA!,1
Municipal authority approves funding bill for public safety.,0
WARNING: Beauty product includes toxic metals!,1
Training center offers new professional development program for students.,0
Technology company invests in medical equipment to improve customer service.,0
City council approves funding bill for environmental protection.,0
Local school implements new safety protocol to boost economy.,0
ALERT: 5G towers local charities mass extinction worldwide!,1
WARNING: Common medication includes mind control chemicals!,1
County board approves new legislation for public safety.,0
Municipal authority approves new legislation for social welfare.,0
Healthcare provider invests in renewable energy to improve customer service.,0
ALERT: GMO foods local charities mass extinction worldwide!,1
BREAKING: Intelligence agencies uncover according to secret recordings!,1
SHOCKING: Government acknowledges hidden agendas!,1
Department of Health reports steady progress in public safety this month.,0
Transportation Authority reports positive trends in infrastructure this quarter.,0
Conservation society launches protection effort to protect natural habitats.,0
REVEALED: Secret societies secretly controls hospital!,1
Local business invests in medical equipment to improve healthcare delivery.,0
City council approves support program for social welfare.,0
Health Department announces funding increase for patients.,0
Community foundation organizes volunteer drive to support local charities.,0
ALERT: Chemtrails local charities mass extinction worldwide!,1
Energy company invests in renewable energy to improve healthcare delivery.,0
Technology company invests in digital infrastructure to improve educational access.,0
CRISIS: Smartphones invisibly monitor thoughts!,1
BREAKING: Experts uncover according to classified files!,1
Research institute publishes study on environmental protection showing important insights.,0
City Council announces new program launch for students.,0
EXPOSED: 9/11 inside job finally surfaces!,1
Wellness center recommends wellness initiatives for winter period.,0
Technical school offers new technical training program for students.,0
ALERT: Chemtrails local charities brain damage worldwide!,1
SCANDAL: Governor confesses election fraud!,1
Library System announces new program launch for patients.,0
BREAKING: Researchers prove according to secret recordings!,1
BREAKING: Researchers confirm according to classified files!,1
EXCLUSIVE: Tech billionaire witnessed in illegal activities!,1
SCANDAL: President confesses insider trading!,1
SCANDAL: President acknowledges election fraud!,1
URGENT: community gathering plans to target the internet!,1
EXPOSED: JFK assassination truth finally gets exposed!,1
EXCLUSIVE: Pop star caught in illegal activities!,1
Conservation society launches protection effort to protect natural habitats.,0
URGENT: awareness campaign could wipe out human civilization!,1
Green initiative launches awareness drive to protect natural habitats.,0
SHOCKING: Tech giants confirms mind control experiments!,1
EXCLUSIVE: Tech billionaire photographed in illegal activities!,1
Environmental Agency reports positive trends in healthcare services this period.,0
ALERT: GMO foods education funding mind control worldwide!,1
Hospital announces new program launch for families.,0
Public health office recommends health screenings for winter period.,0
SHOCKING: Government acknowledges population control plans!,1
Local hospital implements new safety protocol to improve accessibility.,0
URGENT: fundraising event could wipe out human civilization!,1
BREAKING: Experts expose according to secret recordings!,1
SCANDAL: Governor reveals election fraud!,1
Local library implements new support service to improve accessibility.,0
County board approves funding bill for social welfare.,0
Environmental group launches conservation program to protect green spaces.,0
Neighborhood association organizes community gathering to support environmental protection.,0
Public health office recommends vaccination programs for flu season.,0
SHOCKING: Government admits mind control experiments!,1
SHOCKING: Big Pharma exposes secret surveillance!,1
Volunteer organization organizes fundraising event to support environmental protection.,0
EXPOSED: Area 51 secrets finally surfaces!,1
Medical center publishes study on public health showing significant benefits.,0
ALERT: 5G towers education funding genetic mutations worldwide!,1
ALERT: GMO foods education funding genetic mutations worldwide!,1
WARNING: Popular soda is laced with toxic metals!,1
SCANDAL: Congressman acknowledges insider trading!,1
Civic group organizes awareness campaign to support environmental protection.,0
Department of Health reports steady progress in healthcare services this quarter.,0
Volunteer organization organizes fundraising event to support education funding.,0
Training center offers new skill building program for students.,0
URGENT: volunteer drive will destroy human civilization!,1
SHOCKING: Tech giants confirms mind control experiments!,1
Green initiative launches conservation program to protect natural habitats.,0
Department of Health reports steady progress in education outcomes this year.,0
BREAKING: Scientists find evidence of according to insider sources!,1
Public health office recommends health screenings for summer months.,0
Technical school offers new continuing education program for students.,0
ALERT: Artificial intelligence healthcare access mass extinction worldwide!,1
URGENT: awareness campaign plans to target global economy!,1
Environmental group launches cleanup campaign to protect air quality.,0
EXPOSED: Area 51 secrets finally emerges!,1
SHOCKING: Media acknowledges population control plans!,1
Education Board reports steady progress in air quality this season.,0
REVEALED: Secret societies dominates community center!,1
BREAKING: Military uncover according to secret recordings!,1
Local park system implements new support service to boost economy.,0
Research institute publishes study on education methods showing positive results.,0
Neighborhood association organizes fundraising event to support environmental protection.,0
Wellness center recommends vaccination programs for winter period.,0
SCANDAL: Mayor reveals taking bribes!,1
Technical school offers new continuing education program for students.,0
School District announces facility upgrade for families.,0
URGENT: community gathering threatens to eliminate human civilization!,1
Education Board reports steady progress in public safety this quarter.,0
ALERT: Vaccines environmental protection genetic mutations worldwide!,1
Community foundation organizes awareness campaign to support education funding.,0
State legislature approves new legislation for social welfare.,0
BREAKING: Military reveal according to leaked documents!,1
Medical association recommends wellness initiatives for winter period.,0
EXCLUSIVE: Pop star caught in tax evasion scheme!,1
EXCLUSIVE: Pop star caught in secret affair!,1
EXPOSED: 9/11 inside job finally emerges!,1
ALERT: Chemtrails education funding mind control worldwide!,1
Scientific team publishes study on renewable energy showing positive results.,0
ALERT: 5G towers healthcare access mass extinction worldwide!,1
Neighborhood association organizes awareness campaign to support local charities.,0
ALERT: Chemtrails environmental protection genetic mutations worldwide!,1
SCANDAL: Mayor confesses insider trading!,1
Wellness center recommends wellness initiatives for flu season.,0
URGENT: fundraising event will destroy democratic institutions!,1
Environmental Agency reports steady progress in infrastructure this period.,0
Hospital announces service expansion for patients.,0
SCANDAL: Congressman admits to money laundering!,1
URGENT: fundraising event threatens to eliminate major cities!,1
CRISIS: Internet invisibly control behavior!,1
EXPOSED: JFK assassination truth finally is revealed!,1
Municipal authority approves safety regulation for environmental protection.,0
Neighborhood association organizes fundraising event to support healthcare access.,0
ALERT: GMO foods education funding brain damage worldwide!,1
Healthcare provider invests in medical equipment to improve educational access.,0
Civic group organizes awareness campaign to support local charities.,0
Local community center implements new support service to boost economy.,0
Healthcare provider invests in medical equipment to improve customer service.,0
SHOCKING: Media admits hidden agendas!,1
URGENT: community gathering could wipe out human civilization!,1
WARNING: Food additive contains mind control chemicals!,1
Local library implements new safety protocol to support families.,0
Energy company invests in renewable energy to improve educational access.,0
Medical association recommends wellness initiatives for allergy season.,0
WARNING: Beauty product is laced with mind control chemicals!,1
BREAKING: Researchers discover according to whistleblower reports!,1
SCANDAL: Congressman reveals money laundering!,1
ALERT: GMO foods local charities infertility worldwide!,1
Environmental group launches awareness drive to protect natural habitats.,0
WARNING: Household cleaner is made with cancer-causing agents!,1
EXPOSED: JFK assassination truth finally is revealed!,1
State legislature approves new legislation for public safety.,0
Health department recommends wellness initiatives for flu season.,0
Local hospital implements new education initiative to improve accessibility.,0
University researchers publishes study on renewable energy showing important insights.,0
WARNING: Common medication has mind control chemicals!,1
EXPOSED: 9/11 inside job finally surfaces!,1
Environmental Agency reports significant improvement in education outcomes this season.,0
Local school implements new education initiative to enhance safety.,0
EXCLUSIVE: Tech billionaire filmed in massive corruption scandal!,1
Environmental Agency reports significant improvement in education outcomes this period.,0
REVEALED: Alien overlords rules park system!,1
SHOCKING: Military acknowledges population control plans!,1
EXCLUSIVE: Hollywood star witnessed in tax evasion scheme!,1
Technical school offers new professional development program for students.,0
EXCLUSIVE: Hollywood star witnessed in secret affair!,1
WARNING: Household cleaner has toxic metals!,1
CRISIS: Satellites invisibly collect DNA!,1
ALERT: Chemtrails education funding genetic mutations worldwide!,1
Public health office recommends health screenings for flu season.,0
Technical school offers new continuing education program for students.,0
University announces new program launch for local residents.,0
School District announces funding increase for local residents.,0
REVEALED: Illuminati rules park system!,1
Healthcare provider invests in medical equipment to improve healthcare delivery.,0
SCANDAL: President reveals insider trading!,1
University announces service expansion for students.,0
REVEALED: Alien overlords dominates park system!,1
Environmental group launches awareness drive to protect air quality.,0
Health department recommends vaccination programs for allergy season.,0
SCANDAL: Mayor confesses taking bribes!,1
CRISIS: Satellites silently spread propaganda!,1
URGENT: fundraising event plans to target democratic institutions!,1
EXCLUSIVE: Royal family member filmed in tax evasion scheme!,1
BREAKING: Scientists confirm according to secret recordings!,1
Technical school offers new professional development program for students.,0
Health Department announces new program launch for patients.,0
Local community center implements new support service to boost economy.,0
REVEALED: Shadow government rules park system!,1
Healthcare provider invests in transportation systems to improve healthcare delivery.,0
URGENT: awareness campaign threatens to eliminate global economy!,1
ALERT: Vaccines education funding infertility worldwide!,1
EXPOSED: Area 51 secrets finally gets exposed!,1
City council approves safety regulation for economic development.,0
SHOCKING: Tech giants exposes mind control experiments!,1
CRISIS: Satellites silently monitor thoughts!,1
Hospital announces service expansion for local residents.,0
Healthcare provider invests in renewable energy to improve educational access.,0
SHOCKING: FBI admits population control plans!,1
Community foundation organizes fundraising event to support local charities.,0
Conservation society launches conservation program to protect air quality.,0
ALERT: GMO foods healthcare access infertility worldwide!,1
EXCLUSIVE: Famous politician photographed in massive corruption scandal!,1
Education Board reports significant improvement in education outcomes this period.,0
Healthcare provider invests in digital infrastructure to improve public transportation.,0
SCANDAL: Mayor acknowledges insider trading!,1
Green initiative launches conservation program to protect green spaces.,0
EXCLUSIVE: Famous politician caught in secret affair!,1
Local school implements new wellness program to improve accessibility.,0
REVEALED: Alien overlords dominates park system!,1
EXPOSED: JFK assassination truth finally surfaces!,1
WARNING: Household cleaner includes toxic metals!,1
EXCLUSIVE: Royal family member filmed in tax evasion scheme!,1
ALERT: Vaccines healthcare access infertility worldwide!,1
URGENT: fundraising event will destroy democratic institutions!,1
Community college offers new professional development program for students.,0
REVEALED: Reptilian elite manipulates hospital!,1
SHOCKING: Tech giants acknowledges hidden agendas!,1
Local community center implements new wellness program to boost economy.,0
EXCLUSIVE: Pop star filmed in illegal activities!,1
Local hospital implements new safety protocol to boost economy.,0
Health department recommends health screenings for allergy season.,0
Department of Health reports positive trends in air quality this period.,0
Local library implements new safety protocol to improve accessibility.,0
REVEALED: Reptilian elite rules community center!,1
Healthcare provider invests in medical equipment to improve educational access.,0
BREAKING: Researchers uncover according to insider sources!,1
SCANDAL: Senator acknowledges taking bribes!,1
Wellness center recommends vaccination programs for flu season.,0
URGENT: volunteer drive plans to target the internet!,1
ALERT: 5G towers education funding mass extinction worldwide!,1
WARNING: Beauty product is made with addictive compounds!,1
Energy company invests in medical equipment to improve healthcare delivery.,0
REVEALED: Reptilian elite rules school!,1
SHOCKING: Media admits mind control experiments!,1
Municipal authority approves safety regulation for social welfare.,0
Medical association recommends vaccination programs for allergy season.,0
County board approves new legislation for public safety.,0
City council approves funding bill for economic development.,0
School District announces service expansion for community members.,0
CRISIS: Smartphones silently collect DNA!,1
ALERT: Artificial intelligence local charities genetic mutations worldwide!,1
WARNING: Popular soda is laced with mind control chemicals!,1
REVEALED: Secret societies rules library!,1
URGENT: fundraising event plans to target global economy!,1
Civic group organizes volunteer drive to support environmental protection.,0
REVEALED: Reptilian elite influences library!,1
URGENT: community gathering could wipe out global economy!,1
Education Board reports positive trends in infrastructure this period.,0
Local school implements new wellness program to enhance safety.,0
University researchers publishes study on public health showing positive results.,0
Health Department announces facility upgrade for local residents.,0
SHOCKING: Military reveals mind control experiments!,1
REVEALED: Shadow government rules community center!,1
BREAKING: Researchers discover according to classified files!,1
Conservation society launches protection effort to protect natural habitats.,0
CRISIS: Satellites covertly control behavior!,1
Civic group organizes fundraising event to support healthcare access.,0
EXCLUSIVE: Royal family member photographed in illegal activities!,1
Transportation Authority reports notable advances in public safety this year.,0
SCANDAL: Governor reveals election fraud!,1
Healthcare provider invests in digital infrastructure to improve healthcare delivery.,0
BREAKING: Government officials confirm according to whistleblower reports!,1
Local hospital implements new education initiative to improve accessibility.,0
Environmental Agency reports steady progress in air quality this quarter.,0
CRISIS: Internet silently control behavior!,1
EXCLUSIVE: Pop star filmed in massive corruption scandal!,1
EXCLUSIVE: Hollywood star caught in massive corruption scandal!,1
Energy company invests in medical equipment to improve healthcare delivery.,0
Local library implements new support service to improve accessibility.,0
URGENT: community gathering plans to target major cities!,1
County board approves funding bill for social welfare.,0
WARNING: Beauty product contains addictive compounds!,1
School District announces service expansion for families.,0
University offers new professional development program for students.,0
Local library implements new support service to improve accessibility.,0
WARNING: Food additive includes mind control chemicals!,1
County board approves safety regulation for economic development.,0
Conservation society launches cleanup campaign to protect air quality.,0
REVEALED: Shadow government rules park system!,1
WARNING: Popular soda is laced with cancer-causing agents!,1
WARNING: Common medication includes cancer-causing agents!,1
ALERT: 5G towers healthcare access genetic mutations worldwide!,1
EXPOSED: Area 51 secrets finally surfaces!,1
EXCLUSIVE: Pop star witnessed in tax evasion scheme!,1
EXCLUSIVE: Tech billionaire recorded in secret affair!,1
City council approves safety regulation for public safety.,0
WARNING: Popular soda is laced with toxic metals!,1
Community foundation organizes awareness campaign to support healthcare access.,0
EXCLUSIVE: Pop star witnessed in massive corruption scandal!,1
Community college offers new skill building program for students.,0
Health department recommends safety protocols for winter period.,0
SCANDAL: Governor confesses election fraud!,1
Department of Health reports positive trends in infrastructure this year.,0
EXPOSED: 9/11 inside job finally emerges!,1
Public health office recommends safety protocols for winter period.,0
Sustainability organization launches awareness drive to protect local waterways.,0
EXPOSED: 9/11 inside job finally comes to light!,1
BREAKING: Experts prove according to secret recordings!,1
University researchers publishes study on education methods showing important insights.,0
University offers new continuing education program for students.,0
EXPOSED: JFK assassination truth finally emerges!,1
EXCLUSIVE: Tech billionaire witnessed in secret affair!,1
ALERT: Chemtrails local charities mind control worldwide!,1
Health Department announces new program launch for students.,0
WARNING: Common medication is made with cancer-causing agents!,1
EXCLUSIVE: Hollywood star recorded in massive corruption scandal!,1
SCANDAL: Governor discloses taking bribes!,1
Environmental group launches conservation program to protect green spaces.,0
CRISIS: Social media unknowingly control behavior!,1
SCANDAL: Congressman confesses taking bribes!,1
State legislature approves funding bill for economic development.,0
EXCLUSIVE: Royal family member photographed in tax evasion scheme!,1
SCANDAL: Senator confesses money laundering!,1
Department of Health reports steady progress in air quality this season.,0
CRISIS: Smart TVs secretly control behavior!,1
Medical association recommends health screenings for summer months.,0
Environmental Agency reports notable advances in healthcare services this quarter.,0
Education Board reports steady progress in air quality this month.,0
Health department recommends health screenings for flu season.,0
Training center offers new continuing education program for students.,0
BREAKING: Scientists confirm according to secret recordings!,1
Medical center publishes study on public health showing significant benefits.,0
SHOCKING: CIA reveals hidden agendas!,1
Sustainability organization launches protection effort to protect local waterways.,0
CRISIS: Internet silently control behavior!,1
Training center offers new professional development program for students.,0
University researchers publishes study on education methods showing promising outcomes.,0
EXPOSED: 9/11 inside job finally emerges!,1
REVEALED: Alien overlords influences park system!,1
SHOCKING: Tech giants confirms population control plans!,1
Department of Health reports steady progress in education outcomes this period.,0
Healthcare provider invests in medical equipment to improve customer service.,0
Wellness center recommends health screenings for summer months.,0
Health Department announces service expansion for students.,0
Library System announces new program launch for patients.,0
BREAKING: Experts confirm according to classified files!,1
EXCLUSIVE: Tech billionaire photographed in massive corruption scandal!,1
WARNING: Food additive is laced with cancer-causing agents!,1
EXPOSED: Area 51 secrets finally is revealed!,1
Medical association recommends safety protocols for flu season.,0
EXCLUSIVE: Royal family member caught in secret affair!,1
WARNING: Household cleaner has addictive compounds!,1
Environmental Agency reports significant improvement in healthcare services this season.,0
Environmental Agency reports notable advances in healthcare services this month.,0
EXCLUSIVE: Tech billionaire caught in secret affair!,1
Medical association recommends health screenings for flu season.,0
Sustainability organization launches protection effort to protect local waterways.,0
ALERT: 5G towers healthcare access infertility worldwide!,1
URGENT: volunteer drive threatens to eliminate global economy!,1
SHOCKING: Big Pharma exposes hidden agendas!,1
WARNING: Popular soda is laced with addictive compounds!,1
City Council announces service expansion for families.,0
Municipal authority approves new legislation for social welfare.,0
Training center offers new skill building program for students.,0
EXCLUSIVE: Tech billionaire caught in massive corruption scandal!,1
SHOCKING: Government acknowledges mind control experiments!,1
URGENT: awareness campaign plans to target the internet!,1
WARNING: Common medication is made with addictive compounds!,1
CRISIS: Satellites covertly monitor thoughts!,1
EXCLUSIVE: Famous politician recorded in secret affair!,1
Municipal authority approves support program for social welfare.,0
Local community center implements new support service to support families.,0
EXPOSED: Area 51 secrets finally gets exposed!,1
School District announces new program launch for local residents.,0
Technical school offers new professional development program for students.,0
CRISIS: Smartphones silently monitor thoughts!,1
Civic group organizes awareness campaign to support education funding.,0
Technical school offers new technical training program for students.,0
Research institute publishes study on environmental protection showing positive results.,0
BREAKING: Intelligence agencies uncover according to secret recordings!,1
Health Department announces service expansion for students.,0
REVEALED: Reptilian elite manipulates park system!,1
EXPOSED: JFK assassination truth finally gets exposed!,1
CRISIS: Smartphones silently monitor thoughts!,1
University offers new technical training program for students.,0
Conservation society launches protection effort to protect natural habitats.,0
EXCLUSIVE: Hollywood star witnessed in tax evasion scheme!,1
BREAKING: Experts discover according to leaked documents!,1
SHOCKING: CIA admits population control plans!,1
Department of Health reports significant improvement in air quality this quarter.,0
Health Department announces new program launch for patients.,0
CRISIS: Smart TVs invisibly monitor thoughts!,1
Community foundation organizes fundraising event to support education funding.,0
Research institute publishes study on environmental protection showing significant benefits.,0
CRISIS: Satellites silently spread propaganda!,1
EXPOSED: JFK assassination truth finally is revealed!,1
University researchers publishes study on education methods showing promising outcomes.,0
Municipal authority approves funding bill for environmental protection.,0
Community college offers new technical training program for students.,0
Hospital announces facility upgrade for students.,0
Energy company invests in digital infrastructure to improve public transportation.,0
CRISIS: Smart TVs secretly spread propaganda!,1
Library System announces new program launch for families.,0
ALERT: Chemtrails environmental protection genetic mutations worldwide!,1
URGENT: awareness campaign plans to target global economy!,1
Hospital announces new program launch for community members.,0
REVEALED: Secret societies rules school!,1
SHOCKING: CIA confirms population control plans!,1
Energy company invests in medical equipment to improve educational access.,0
WARNING: Common medication includes addictive compounds!,1
Conservation society launches cleanup campaign to protect air quality.,0
School District announces new program launch for community members.,0
SCANDAL: Governor acknowledges election fraud!,1
Technology company invests in transportation systems to improve public transportation.,0
Sustainability organization launches cleanup campaign to protect green spaces.,0
EXPOSED: JFK assassination truth finally gets exposed!,1
EXPOSED: Area 51 secrets finally surfaces!,1
University researchers publishes study on environmental protection showing positive results.,0
Public health office recommends vaccination programs for summer months.,0
CRISIS: Social media covertly monitor thoughts!,1
Civic group organizes fundraising event to support local charities.,0
EXCLUSIVE: Famous politician recorded in tax evasion scheme!,1
EXCLUSIVE: Hollywood star filmed in massive corruption scandal!,1
Library System announces service expansion for students.,0
Scientific team publishes study on renewable energy showing promising outcomes.,0
Technology company invests in digital infrastructure to improve healthcare delivery.,0
Health department recommends safety protocols for allergy season.,0
EXPOSED: Moon landing hoax finally emerges!,1
City council approves funding bill for economic development.,0
ALERT: Artificial intelligence local charities genetic mutations worldwide!,1
Training center offers new skill building program for students.,0
ALERT: Vaccines education funding genetic mutations worldwide!,1
Research institute publishes study on education methods showing important insights.,0
URGENT: community gathering will destroy democratic institutions!,1
WARNING: Food additive has cancer-causing agents!,1
University researchers publishes study on renewable energy showing promising outcomes.,0
WARNING: Common medication is made with cancer-causing agents!,1
Local hospital implements new support service to boost economy.,0
Environmental group launches conservation program to protect air quality.,0
Municipal authority approves safety regulation for social welfare.,0
SCANDAL: Governor reveals money laundering!,1
REVEALED: Secret societies rules library!,1
REVEALED: Shadow government rules park system!,1
URGENT: community gathering plans to target human civilization!,1
CRISIS: Internet secretly monitor thoughts!,1
Community foundation organizes volunteer drive to support environmental protection.,0
University researchers publishes study on education methods showing important insights.,0
Research institute publishes study on public health showing promising outcomes.,0
University announces funding increase for local residents.,0
Community foundation organizes awareness campaign to support environmental protection.,0
SHOCKING: Military exposes secret surveillance!,1
Energy company invests in transportation systems to improve healthcare delivery.,0
SCANDAL: Governor discloses insider trading!,1
Local business invests in medical equipment to improve healthcare delivery.,0
SHOCKING: Government exposes secret surveillance!,1
REVEALED: Alien overlords dominates school!,1
Environmental Agency reports positive trends in education outcomes this quarter.,0
SCANDAL: President discloses taking bribes!,1
County board approves support program for economic development.,0
SHOCKING: Government admits secret surveillance!,1
Hospital announces funding increase for students.,0
Community foundation organizes community gathering to support local charities.,0
Local library implements new wellness program to boost economy.,0
WARNING: Beauty product includes cancer-causing agents!,1
Healthcare provider invests in medical equipment to improve public transportation.,0
Technology company invests in renewable energy to improve public transportation.,0
SHOCKING: Tech giants confirms secret surveillance!,1
Medical association recommends vaccination programs for flu season.,0
SCANDAL: Governor confesses election fraud!,1
School District announces new program launch for community members.,0
EXPOSED: Area 51 secrets finally surfaces!,1
URGENT: community gathering plans to target the internet!,1
Medical association recommends vaccination programs for summer months.,0
Sustainability organization launches conservation program to protect local waterways.,0
URGENT: awareness campaign plans to target democratic institutions!,1
Sustainability organization launches conservation program to protect green spaces.,0
CRISIS: Social media unknowingly spread propaganda!,1
SCANDAL: Senator reveals taking bribes!,1
Hospital announces new program launch for families.,0
CRISIS: Smartphones silently monitor thoughts!,1
Green initiative launches awareness drive to protect local waterways.,0
Green initiative launches awareness drive to protect air quality.,0
REVEALED: Illuminati rules community center!,1
Technical school offers new professional development program for students.,0
URGENT: community gathering plans to target the internet!,1
Green initiative launches cleanup campaign to protect air quality.,0
Local school implements new support service to improve accessibility.,0
University researchers publishes study on renewable energy showing important insights.,0
Training center offers new technical training program for students.,0
EXPOSED: Area 51 secrets finally comes to light!,1
University researchers publishes study on public health showing positive results.,0
Environmental Agency reports steady progress in education outcomes this year.,0
School District announces new program launch for community members.,0
EXPOSED: Area 51 secrets finally gets exposed!,1
CRISIS: Social media silently collect DNA!,1
EXCLUSIVE: Royal family member photographed in massive corruption scandal!,1
Department of Health reports significant improvement in healthcare services this month.,0
Conservation society launches conservation program to protect green spaces.,0
REVEALED: Alien overlords influences community center!,1
SHOCKING: Media confirms population control plans!,1
URGENT: volunteer drive plans to target global economy!,1
SHOCKING: Big Pharma exposes secret surveillance!,1
Environmental Agency reports steady progress in education outcomes this period.,0
CRISIS: Smartphones silently monitor thoughts!,1
Education Board reports positive trends in air quality this year.,0
Technical school offers new skill building program for students.,0
CRISIS: Social media invisibly collect DNA!,1
CRISIS: Satellites covertly control behavior!,1
BREAKING: Government officials discover according to classified files!,1
Wellness center recommends vaccination programs for allergy season.,0
Local library implements new wellness program to support families.,0
EXCLUSIVE: Tech billionaire recorded in secret affair!,1
ALERT: Chemtrails environmental protection genetic mutations worldwide!,1
SCANDAL: Congressman discloses election fraud!,1
EXCLUSIVE: Tech billionaire photographed in tax evasion scheme!,1
Sustainability organization launches conservation program to protect green spaces.,0
SCANDAL: Congressman discloses election fraud!,1
URGENT: fundraising event could wipe out global economy!,1
Health department recommends vaccination programs for winter period.,0
Local business invests in digital infrastructure to improve healthcare delivery.,0
REVEALED: Secret societies influences school!,1
Local park system implements new education initiative to enhance safety.,0
Technology company invests in transportation systems to improve public transportation.,0
Municipal authority approves new legislation for economic development.,0
Scientific team publishes study on environmental protection showing promising outcomes.,0
City council approves funding bill for environmental protection.,0
URGENT: fundraising event plans to target major cities!,1
SHOCKING: Military admits mind control experiments!,1
EXCLUSIVE: Royal family member recorded in tax evasion scheme!,1
SHOCKING: FBI confirms secret surveillance!,1
CRISIS: Satellites unknowingly collect DNA!,1
BREAKING: Scientists find evidence of according to whistleblower reports!,1
REVEALED: Reptilian elite rules school!,1
Medical association recommends vaccination programs for winter period.,0
Medical association recommends wellness initiatives for allergy season.,0
Medical association recommends wellness initiatives for flu season.,0
EXPOSED: Area 51 secrets finally comes to light!,1
Sustainability organization launches conservation program to protect local waterways.,0
Community college offers new technical training program for students.,0
Training center offers new professional development program for students.,0
SCANDAL: Mayor acknowledges insider trading!,1
EXPOSED: 9/11 inside job finally surfaces!,1
EXPOSED: 9/11 inside job finally comes to light!,1
URGENT: awareness campaign plans to target major cities!,1
Medical center publishes study on renewable energy showing positive results.,0
SHOCKING: Big Pharma acknowledges population control plans!,1
ALERT: GMO foods environmental protection genetic mutations worldwide!,1
SCANDAL: Senator acknowledges taking bribes!,1
EXPOSED: JFK assassination truth finally comes to light!,1
Conservation society launches protection effort to protect natural habitats.,0
School District announces service expansion for students.,0
State legislature approves funding bill for social welfare.,0
Medical center publishes study on environmental protection showing positive results.,0
County board approves funding bill for economic development.,0
CRISIS: Smart TVs unknowingly control behavior!,1
Research institute publishes study on public health showing positive results.,0
SHOCKING: Big Pharma reveals hidden agendas!,1
Local community center implements new support service to improve accessibility.,0
Environmental group launches awareness drive to protect local waterways.,0
SHOCKING: Military exposes mind control experiments!,1
WARNING: Food additive includes cancer-causing agents!,1
SCANDAL: Congressman reveals money laundering!,1
SCANDAL: Governor acknowledges election fraud!,1
CRISIS: Smart TVs silently collect DNA!,1
Civic group organizes community gathering to support education funding.,0
Scientific team publishes study on public health showing promising outcomes.,0
URGENT: awareness campaign could wipe out major cities!,1
Health department recommends health screenings for winter period.,0
BREAKING: Government officials reveal according to classified files!,1
BREAKING: Experts prove according to insider sources!,1
Local school implements new safety protocol to enhance safety.,0
SCANDAL: Mayor acknowledges election fraud!,1
City Council announces new program launch for students.,0
Transportation Authority reports positive trends in healthcare services this month.,0
REVEALED: Reptilian elite manipulates hospital!,1
Education Board reports positive trends in healthcare services this period.,0
University offers new skill building program for students.,0
SHOCKING: Government exposes secret surveillance!,1
URGENT: community gathering will destroy major cities!,1
Health department recommends vaccination programs for summer months.,0
CRISIS: Smart TVs unknowingly spread propaganda!,1
Sustainability organization launches protection effort to protect air quality.,0
Research institute publishes study on education methods showing promising outcomes.,0
Local library implements new wellness program to improve accessibility.,0
City council approves support program for public safety.,0
ALERT: Artificial intelligence environmental protection mind control worldwide!,1
EXPOSED: Area 51 secrets finally surfaces!,1
EXPOSED: Area 51 secrets finally emerges!,1
Research institute publishes study on public health showing important insights.,0
Community college offers new continuing education program for students.,0
EXPOSED: 9/11 inside job finally comes to light!,1
CRISIS: Satellites invisibly collect DNA!,1
Health department recommends health screenings for summer months.,0
WARNING: Popular soda is made with cancer-causing agents!,1
Library System announces new program launch for students.,0
School District announces new program launch for students.,0
EXPOSED: Area 51 secrets finally gets exposed!,1
REVEALED: Illuminati influences park system!,1
REVEALED: Secret societies secretly controls library!,1
Energy company invests in transportation systems to improve customer service.,0
SCANDAL: President confesses insider trading!,1
SHOCKING: Media confirms secret surveillance!,1
BREAKING: Military find evidence of according to leaked documents!,1
WARNING: Household cleaner contains mind control chemicals!,1
Green initiative launches conservation program to protect air quality.,0
Department of Health reports notable advances in education outcomes this year.,0
Local park system implements new wellness program to support families.,0
Local school implements new wellness program to boost economy.,0
EXCLUSIVE: Tech billionaire photographed in secret affair!,1
Medical association recommends wellness initiatives for winter period.,0
Technical school offers new skill building program for students.,0
SHOCKING: CIA admits hidden agendas!,1
Municipal authority approves support program for public safety.,0
Sustainability organization launches protection effort to protect green spaces.,0
Technical school offers new continuing education program for students.,0
ALERT: 5G towers environmental protection mind control worldwide!,1
EXPOSED: 9/11 inside job finally comes to light!,1
EXCLUSIVE: Royal family member caught in tax evasion scheme!,1
Municipal authority approves support program for public safety.,0
Conservation society launches awareness drive to protect green spaces.,0
Medical association recommends health screenings for summer months.,0
State legislature approves funding bill for economic development.,0
Healthcare provider invests in transportation systems to improve educational access.,0
EXCLUSIVE: Royal family member caught in tax evasion scheme!,1
Local business invests in digital infrastructure to improve customer service.,0
REVEALED: Secret societies rules park system!,1
WARNING: Household cleaner is made with mind control chemicals!,1
ALERT: 5G towers local charities brain damage worldwide!,1
Training center offers new skill building program for students.,0
EXPOSED: Moon landing hoax finally is revealed!,1
WARNING: Household cleaner is made with mind control chemicals!,1
CRISIS: Smartphones covertly spread propaganda!,1
SHOCKING: Tech giants exposes hidden agendas!,1
SHOCKING: FBI reveals secret surveillance!,1
BREAKING: Government officials reveal according to classified files!,1
EXPOSED: JFK assassination truth finally emerges!,1
Scientific team publishes study on public health showing important insights.,0
EXCLUSIVE: Tech billionaire recorded in massive corruption scandal!,1
Energy company invests in digital infrastructure to improve customer service.,0
Local school implements new wellness program to improve accessibility.,0
EXCLUSIVE: Famous politician recorded in secret affair!,1
URGENT: fundraising event will destroy major cities!,1
EXPOSED: 9/11 inside job finally is revealed!,1
BREAKING: Intelligence agencies reveal according to classified files!,1
SHOCKING: Media acknowledges mind control experiments!,1
Department of Health reports notable advances in infrastructure this year.,0
REVEALED: Illuminati manipulates community center!,1
EXPOSED: Area 51 secrets finally gets exposed!,1
Local community center implements new support service to improve accessibility.,0
Library System announces facility upgrade for students.,0
EXCLUSIVE: Pop star caught in tax evasion scheme!,1
WARNING: Popular soda is laced with cancer-causing agents!,1
WARNING: Food additive has cancer-causing agents!,1
REVEALED: Reptilian elite dominates library!,1
BREAKING: Researchers reveal according to leaked documents!,1
URGENT: community gathering plans to target the internet!,1
Civic group organizes community gathering to support local charities.,0
University researchers publishes study on public health showing significant benefits.,0
Training center offers new continuing education program for students.,0
CRISIS: Satellites unknowingly collect DNA!,1
University researchers publishes study on renewable energy showing significant benefits.,0
SHOCKING: Government exposes population control plans!,1
EXCLUSIVE: Hollywood star recorded in secret affair!,1
EXPOSED: JFK assassination truth finally surfaces!,1
CRISIS: Social media covertly collect DNA!,1
City council approves new legislation for environmental protection.,0
Energy company invests in medical equipment to improve healthcare delivery.,0
SHOCKING: Government admits population control plans!,1
Environmental Agency reports positive trends in infrastructure this period.,0
Wellness center recommends health screenings for winter period.,0
EXCLUSIVE: Royal family member caught in tax evasion scheme!,1
University announces new program launch for local residents.,0
EXCLUSIVE: Royal family member witnessed in secret affair!,1
BREAKING: Researchers reveal according to classified files!,1
Health department recommends vaccination programs for winter period.,0
Local hospital implements new education initiative to boost economy.,0
SHOCKING: Media reveals population control plans!,1
EXPOSED: Moon landing hoax finally comes to light!,1
URGENT: volunteer drive plans to target global economy!,1
Library System announces new program launch for families.,0
Community foundation organizes community gathering to support education funding.,0
REVEALED: Illuminati rules school!,1
Medical center publishes study on renewable energy showing significant benefits.,0
Community college offers new skill building program for students.,0
BREAKING: Government officials discover according to whistleblower reports!,1
University announces facility upgrade for patients.,0
BREAKING: Government officials discover according to secret recordings!,1
Public health office recommends wellness initiatives for summer months.,0
Technology company invests in renewable energy to improve educational access.,0
EXPOSED: Area 51 secrets finally gets exposed!,1
WARNING: Common medication contains addictive compounds!,1
Transportation Authority reports notable advances in infrastructure this period.,0
Research institute publishes study on renewable energy showing important insights.,0
Transportation Authority reports significant improvement in healthcare services this year.,0
Wellness center recommends safety protocols for allergy season.,0
Health department recommends wellness initiatives for summer months.,0
Technical school offers new professional development program for students.,0
SHOCKING: Big Pharma reveals mind control experiments!,1
Research institute publishes study on education methods showing significant benefits.,0
EXCLUSIVE: Hollywood star caught in tax evasion scheme!,1
Volunteer organization organizes awareness campaign to support environmental protection.,0
City council approves funding bill for public safety.,0
Department of Health reports positive trends in public safety this year.,0
CRISIS: Smartphones invisibly control behavior!,1
SCANDAL: Senator admits to insider trading!,1
Education Board reports notable advances in public safety this period.,0
CRISIS: Social media silently monitor thoughts!,1
Energy company invests in medical equipment to improve educational access.,0
Healthcare provider invests in medical equipment to improve customer service.,0
Technical school offers new continuing education program for students.,0
EXCLUSIVE: Tech billionaire recorded in tax evasion scheme!,1
URGENT: awareness campaign will destroy major cities!,1
Education Board reports steady progress in healthcare services this month.,0
EXPOSED: JFK assassination truth finally surfaces!,1
URGENT: volunteer drive will destroy global economy!,1
Energy company invests in renewable energy to improve public transportation.,0
CRISIS: Social media covertly monitor thoughts!,1
ALERT: 5G towers education funding infertility worldwide!,1
EXPOSED: Area 51 secrets finally comes to light!,1
School District announces facility upgrade for students.,0
Energy company invests in transportation systems to improve customer service.,0
Library System announces facility upgrade for local residents.,0
BREAKING: Military discover according to classified files!,1
Medical association recommends vaccination programs for flu season.,0
SHOCKING: Tech giants reveals secret surveillance!,1
WARNING: Popular soda has mind control chemicals!,1
Medical center publishes study on environmental protection showing significant benefits.,0
EXPOSED: JFK assassination truth finally is revealed!,1
Environmental group launches awareness drive to protect natural habitats.,0
EXPOSED: Area 51 secrets finally comes to light!,1
WARNING: Household cleaner is laced with cancer-causing agents!,1
SCANDAL: Mayor discloses money laundering!,1
Hospital announces new program launch for patients.,0
URGENT: community gathering will destroy democratic institutions!,1
WARNING: Food additive is laced with cancer-causing agents!,1
Volunteer organization organizes community gathering to support local charities.,0
URGENT: fundraising event could wipe out major cities!,1
EXPOSED: Area 51 secrets finally gets exposed!,1
Healthcare provider invests in digital infrastructure to improve customer service.,0
ALERT: Artificial intelligence healthcare access infertility worldwide!,1
CRISIS: Satellites silently spread propaganda!,1
Wellness center recommends wellness initiatives for winter period.,0
Community college offers new continuing education program for students.,0
State legislature approves support program for environmental protection.,0
Green initiative launches conservation program to protect local waterways.,0
EXCLUSIVE: Pop star recorded in massive corruption scandal!,1
Local school implements new wellness program to improve accessibility.,0
SHOCKING: Government exposes hidden agendas!,1
CRISIS: Satellites covertly control behavior!,1
Technology company invests in medical equipment to improve educational access.,0
Community college offers new skill building program for students.,0
EXCLUSIVE: Tech billionaire caught in illegal activities!,1
REVEALED: Illuminati manipulates hospital!,1
WARNING: Beauty product contains mind control chemicals!,1
Public health office recommends wellness initiatives for allergy season.,0
Community college offers new skill building program for students.,0
Sustainability organization launches cleanup campaign to protect air quality.,0
Medical association recommends health screenings for allergy season.,0
EXPOSED: Area 51 secrets finally surfaces!,1
Library System announces service expansion for patients.,0
SHOCKING: Tech giants reveals mind control experiments!,1
SHOCKING: CIA acknowledges population control plans!,1
University offers new technical training program for students.,0
EXPOSED: Moon landing hoax finally is revealed!,1
University offers new professional development program for students.,0
Local business invests in digital infrastructure to improve healthcare delivery.,0
Scientific team publishes study on education methods showing important insights.,0
CRISIS: Internet unknowingly monitor thoughts!,1
Local school implements new wellness program to improve accessibility.,0
REVEALED: Illuminati secretly controls school!,1
Local business invests in medical equipment to improve educational access.,0
WARNING: Beauty product is made with toxic metals!,1
Scientific team publishes study on environmental protection showing positive results.,0
SCANDAL: President discloses insider trading!,1
City Council announces funding increase for families.,0
Community foundation organizes awareness campaign to support education funding.,0
Community college offers new continuing education program for students.,0
Local community center implements new education initiative to improve accessibility.,0
